{
"lengthUnit": "mil",
"remark": [],
"components": {
	"fields": ["COMPONENT_NO", "COMPONENT_NAME", "LAYER", "X_COORDINATE", "Y_COORDINATE", "ANGLE"],
	"rows": [
		[1, "C3", "T", 1780, -130, 0],
		[2, "H1", "B", 2140, -155, 180],
		[3, "J1", "T", 405, 115, 90],
		[4, "SW1", "T", -1120, 2130, 270],
		[5, "SW2", "T", 1730, 2135, 270],
		[6, "U1", "T", -1475, 690, 0],
		[7, "U2", "T", 320, 1195, 90],
		[8, "U3", "T", 2100, 655, 0],
		[9, "PAD1", "T", 2655, 2400, 0],
		[10, "PAD1", "B", 2655, 2400, 0],
		[11, "PAD2", "T", -2105, 2395, 0],
		[12, "PAD2", "B", -2105, 2395, 0],
		[13, "PAD3", "T", -2125, -25, 0],
		[14, "PAD3", "B", -2125, -25, 0],
		[15, "PAD4", "T", 2655, -30, 0],
		[16, "PAD4", "B", 2655, -30, 0],
		[17, "PAD5", "T", 1730.79, -130, 0],
		[18, "PAD5", "B", 1730.79, -130, 0],
		[19, "PAD6", "T", 1829.21, -130, 0],
		[20, "PAD6", "B", 1829.21, -130, 0],
		[21, "PAD7", "T", -295, -185, 0],
		[22, "PAD7", "B", -295, -185, 0],
		[23, "PAD8", "T", -195, -185, 0],
		[24, "PAD8", "B", -195, -185, 0],
		[25, "PAD9", "T", -95, -185, 0],
		[26, "PAD9", "B", -95, -185, 0],
		[27, "PAD10", "T", 5, -185, 0],
		[28, "PAD10", "B", 5, -185, 0],
		[29, "PAD11", "T", 105, -185, 0],
		[30, "PAD11", "B", 105, -185, 0],
		[31, "PAD12", "T", 205, -185, 0],
		[32, "PAD12", "B", 205, -185, 0],
		[33, "PAD13", "T", 305, -185, 0],
		[34, "PAD13", "B", 305, -185, 0],
		[35, "PAD14", "T", 405, -185, 0],
		[36, "PAD14", "B", 405, -185, 0],
		[37, "PAD15", "T", 505, -185, 0],
		[38, "PAD15", "B", 505, -185, 0],
		[39, "PAD16", "T", 605, -185, 0],
		[40, "PAD16", "B", 605, -185, 0],
		[41, "PAD17", "T", 705, -185, 0],
		[42, "PAD17", "B", 705, -185, 0],
		[43, "PAD18", "T", 805, -185, 0],
		[44, "PAD18", "B", 805, -185, 0],
		[45, "PAD19", "T", 905, -185, 0],
		[46, "PAD19", "B", 905, -185, 0],
		[47, "PAD20", "T", 1005, -185, 0],
		[48, "PAD20", "B", 1005, -185, 0],
		[49, "PAD21", "T", 1105, -185, 0],
		[50, "PAD21", "B", 1105, -185, 0],
		[51, "PAD22", "T", 1105, 415, 0],
		[52, "PAD22", "B", 1105, 415, 0],
		[53, "PAD23", "T", 1005, 415, 0],
		[54, "PAD23", "B", 1005, 415, 0],
		[55, "PAD24", "T", 905, 415, 0],
		[56, "PAD24", "B", 905, 415, 0],
		[57, "PAD25", "T", 805, 415, 0],
		[58, "PAD25", "B", 805, 415, 0],
		[59, "PAD26", "T", 705, 415, 0],
		[60, "PAD26", "B", 705, 415, 0],
		[61, "PAD27", "T", 605, 415, 0],
		[62, "PAD27", "B", 605, 415, 0],
		[63, "PAD28", "T", 505, 415, 0],
		[64, "PAD28", "B", 505, 415, 0],
		[65, "PAD29", "T", 405, 415, 0],
		[66, "PAD29", "B", 405, 415, 0],
		[67, "PAD30", "T", 305, 415, 0],
		[68, "PAD30", "B", 305, 415, 0],
		[69, "PAD31", "T", 205, 415, 0],
		[70, "PAD31", "B", 205, 415, 0],
		[71, "PAD32", "T", 105, 415, 0],
		[72, "PAD32", "B", 105, 415, 0],
		[73, "PAD33", "T", 5, 415, 0],
		[74, "PAD33", "B", 5, 415, 0],
		[75, "PAD34", "T", -95, 415, 0],
		[76, "PAD34", "B", -95, 415, 0],
		[77, "PAD35", "T", -195, 415, 0],
		[78, "PAD35", "B", -195, 415, 0],
		[79, "PAD36", "T", -295, 415, 0],
		[80, "PAD36", "B", -295, 415, 0],
		[81, "PAD37", "T", -1120, 2315.04, 0],
		[82, "PAD37", "B", -1120, 2315.04, 0],
		[83, "PAD38", "T", -1120, 2130, 0],
		[84, "PAD38", "B", -1120, 2130, 0],
		[85, "PAD39", "T", -1120, 1944.96, 0],
		[86, "PAD39", "B", -1120, 1944.96, 0],
		[87, "PAD40", "T", 1730, 2320.04, 0],
		[88, "PAD40", "B", 1730, 2320.04, 0],
		[89, "PAD41", "T", 1730, 2135, 0],
		[90, "PAD41", "B", 1730, 2135, 0],
		[91, "PAD42", "T", 1730, 1949.96, 0],
		[92, "PAD42", "B", 1730, 1949.96, 0],
		[93, "PAD43", "T", -1915.94, 855.35, 0],
		[94, "PAD43", "B", -1915.94, 855.35, 0],
		[95, "PAD44", "T", -1738.78, 855.35, 0],
		[96, "PAD44", "B", -1738.78, 855.35, 0],
		[97, "PAD45", "T", -1675.79, 422.28, 0],
		[98, "PAD45", "B", -1675.79, 422.28, 0],
		[99, "PAD46", "T", -1152.17, 422.28, 0],
		[100, "PAD46", "B", -1152.17, 422.28, 0],
		[101, "PAD47", "T", -1152.17, 1032.52, 0],
		[102, "PAD47", "B", -1152.17, 1032.52, 0],
		[103, "PAD48", "T", -1675.79, 1032.52, 0],
		[104, "PAD48", "B", -1675.79, 1032.52, 0],
		[105, "PAD49", "T", -1738.78, 599.45, 0],
		[106, "PAD49", "B", -1738.78, 599.45, 0],
		[107, "PAD50", "T", -1915.94, 599.45, 0],
		[108, "PAD50", "B", -1915.94, 599.45, 0],
		[109, "PAD51", "T", -1034.06, 825.83, 0],
		[110, "PAD51", "B", -1034.06, 825.83, 0],
		[111, "PAD52", "T", -1034.06, 727.4, 0],
		[112, "PAD52", "B", -1034.06, 727.4, 0],
		[113, "PAD53", "T", -1034.06, 628.98, 0],
		[114, "PAD53", "B", -1034.06, 628.98, 0],
		[115, "PAD54", "T", -1313.98, 347.48, 0],
		[116, "PAD54", "B", -1313.98, 347.48, 0],
		[117, "PAD55", "T", -1413.98, 347.48, 0],
		[118, "PAD55", "B", -1413.98, 347.48, 0],
		[119, "PAD56", "T", -1513.98, 347.48, 0],
		[120, "PAD56", "B", -1513.98, 347.48, 0],
		[121, "PAD57", "T", 1659.06, 820.35, 0],
		[122, "PAD57", "B", 1659.06, 820.35, 0],
		[123, "PAD58", "T", 1836.22, 820.35, 0],
		[124, "PAD58", "B", 1836.22, 820.35, 0],
		[125, "PAD59", "T", 1899.21, 387.28, 0],
		[126, "PAD59", "B", 1899.21, 387.28, 0],
		[127, "PAD60", "T", 2422.83, 387.28, 0],
		[128, "PAD60", "B", 2422.83, 387.28, 0],
		[129, "PAD61", "T", 2422.83, 997.52, 0],
		[130, "PAD61", "B", 2422.83, 997.52, 0],
		[131, "PAD62", "T", 1899.21, 997.52, 0],
		[132, "PAD62", "B", 1899.21, 997.52, 0],
		[133, "PAD63", "T", 1836.22, 564.45, 0],
		[134, "PAD63", "B", 1836.22, 564.45, 0],
		[135, "PAD64", "T", 1659.06, 564.45, 0],
		[136, "PAD64", "B", 1659.06, 564.45, 0],
		[137, "PAD65", "T", 2540.94, 790.83, 0],
		[138, "PAD65", "B", 2540.94, 790.83, 0],
		[139, "PAD66", "T", 2540.94, 692.4, 0],
		[140, "PAD66", "B", 2540.94, 692.4, 0],
		[141, "PAD67", "T", 2540.94, 593.98, 0],
		[142, "PAD67", "B", 2540.94, 593.98, 0],
		[143, "PAD68", "T", 2261.02, 312.48, 0],
		[144, "PAD68", "B", 2261.02, 312.48, 0],
		[145, "PAD69", "T", 2161.02, 312.48, 0],
		[146, "PAD69", "B", 2161.02, 312.48, 0],
		[147, "PAD70", "T", 2061.02, 312.48, 0],
		[148, "PAD70", "B", 2061.02, 312.48, 0],
		[149, "PAD71", "T", 170, 1145, 0],
		[150, "PAD71", "B", 170, 1145, 0],
		[151, "PAD72", "T", 170, 1245, 0],
		[152, "PAD72", "B", 170, 1245, 0],
		[153, "PAD73", "T", 270, 1145, 0],
		[154, "PAD73", "B", 270, 1145, 0],
		[155, "PAD74", "T", 270, 1245, 0],
		[156, "PAD74", "B", 270, 1245, 0],
		[157, "PAD75", "T", 370, 1145, 0],
		[158, "PAD75", "B", 370, 1145, 0],
		[159, "PAD76", "T", 370, 1245, 0],
		[160, "PAD76", "B", 370, 1245, 0],
		[161, "PAD77", "T", 470, 1145, 0],
		[162, "PAD77", "B", 470, 1145, 0],
		[163, "PAD78", "T", 470, 1245, 0],
		[164, "PAD78", "B", 470, 1245, 0],
		[165, "PAD79", "T", 2190, -155, 0],
		[166, "PAD79", "B", 2190, -155, 0],
		[167, "PAD80", "T", 2090, -155, 0],
		[168, "PAD80", "B", 2090, -155, 0]
	]
},
"pins": {
	"fields": ["PIN_NO", "PIN_NAME", "PIN_X", "PIN_Y", "LAYER", "PIN_TYPE", "NET_NAME", "NET_TYPE", "PAD_SHAPE", "PAD_SIZEX", "PAD_SIZEY", "HOLE_SIZE", "HOLE_LEN", "PAD_ANGLE"],
	"rows": [
		[1, "C3_1", 1730.79, -130, "T", "DIP", "GND", "GND", "C", 41.339, 41.339, 27.56, 27.56, 0],
		[2, "C3_1", 1730.79, -130, "B", "DIP", "GND", "GND", "C", 41.339, 41.339, 27.56, 27.56, 0],
		[3, "C3_2", 1829.21, -130, "T", "DIP", "3.3V", "", "C", 41.339, 41.339, 27.56, 27.56, 180],
		[4, "C3_2", 1829.21, -130, "B", "DIP", "3.3V", "", "C", 41.339, 41.339, 27.56, 27.56, 180],
		[5, "H1_1", 2190, -155, "T", "DIP", "+5V", "", "R", 62, 62, 35, 35, 90],
		[6, "H1_1", 2190, -155, "B", "DIP", "+5V", "", "R", 62, 62, 35, 35, 90],
		[7, "H1_2", 2090, -155, "T", "DIP", "GND", "GND", "C", 62, 62, 35, 35, 90],
		[8, "H1_2", 2090, -155, "B", "DIP", "GND", "GND", "C", 62, 62, 35, 35, 90],
		[9, "J1_1", -295, -185, "T", "DIP", "J1_1", "", "C", 60, 60, 36, 36, 90],
		[10, "J1_1", -295, -185, "B", "DIP", "J1_1", "", "C", 60, 60, 36, 36, 90],
		[11, "J1_2", -195, -185, "T", "DIP", "J1_2", "", "C", 60, 60, 36, 36, 90],
		[12, "J1_2", -195, -185, "B", "DIP", "J1_2", "", "C", 60, 60, 36, 36, 90],
		[13, "J1_3", -95, -185, "T", "DIP", "J1_3", "", "C", 60, 60, 36, 36, 90],
		[14, "J1_3", -95, -185, "B", "DIP", "J1_3", "", "C", 60, 60, 36, 36, 90],
		[15, "J1_4", 5, -185, "T", "DIP", "J1_4", "", "C", 60, 60, 36, 36, 90],
		[16, "J1_4", 5, -185, "B", "DIP", "J1_4", "", "C", 60, 60, 36, 36, 90],
		[17, "J1_5", 105, -185, "T", "DIP", "J1_5", "", "C", 60, 60, 36, 36, 90],
		[18, "J1_5", 105, -185, "B", "DIP", "J1_5", "", "C", 60, 60, 36, 36, 90],
		[19, "J1_6", 205, -185, "T", "DIP", "J1_6", "", "C", 60, 60, 36, 36, 90],
		[20, "J1_6", 205, -185, "B", "DIP", "J1_6", "", "C", 60, 60, 36, 36, 90],
		[21, "J1_7", 305, -185, "T", "DIP", "J1_7", "", "C", 60, 60, 36, 36, 90],
		[22, "J1_7", 305, -185, "B", "DIP", "J1_7", "", "C", 60, 60, 36, 36, 90],
		[23, "J1_8", 405, -185, "T", "DIP", "J1_8", "", "C", 60, 60, 36, 36, 270],
		[24, "J1_8", 405, -185, "B", "DIP", "J1_8", "", "C", 60, 60, 36, 36, 270],
		[25, "J1_9", 505, -185, "T", "DIP", "J1_9", "", "C", 60, 60, 36, 36, 270],
		[26, "J1_9", 505, -185, "B", "DIP", "J1_9", "", "C", 60, 60, 36, 36, 270],
		[27, "J1_10", 605, -185, "T", "DIP", "J1_10", "", "C", 60, 60, 36, 36, 270],
		[28, "J1_10", 605, -185, "B", "DIP", "J1_10", "", "C", 60, 60, 36, 36, 270],
		[29, "J1_11", 705, -185, "T", "DIP", "J1_11", "", "C", 60, 60, 36, 36, 270],
		[30, "J1_11", 705, -185, "B", "DIP", "J1_11", "", "C", 60, 60, 36, 36, 270],
		[31, "J1_12", 805, -185, "T", "DIP", "U2_3", "", "C", 60, 60, 36, 36, 270],
		[32, "J1_12", 805, -185, "B", "DIP", "U2_3", "", "C", 60, 60, 36, 36, 270],
		[33, "J1_13", 905, -185, "T", "DIP", "U2_4", "", "C", 60, 60, 36, 36, 270],
		[34, "J1_13", 905, -185, "B", "DIP", "U2_4", "", "C", 60, 60, 36, 36, 270],
		[35, "J1_14", 1005, -185, "T", "DIP", "U2_6", "", "C", 60, 60, 36, 36, 270],
		[36, "J1_14", 1005, -185, "B", "DIP", "U2_6", "", "C", 60, 60, 36, 36, 270],
		[37, "J1_15", 1105, -185, "T", "DIP", "U2_7", "", "C", 60, 60, 36, 36, 270],
		[38, "J1_15", 1105, -185, "B", "DIP", "U2_7", "", "C", 60, 60, 36, 36, 270],
		[39, "J1_16", 1105, 415, "T", "DIP", "U2_5", "", "C", 60, 60, 36, 36, 270],
		[40, "J1_16", 1105, 415, "B", "DIP", "U2_5", "", "C", 60, 60, 36, 36, 270],
		[41, "J1_17", 1005, 415, "T", "DIP", "3.3V", "", "C", 60, 60, 36, 36, 270],
		[42, "J1_17", 1005, 415, "B", "DIP", "3.3V", "", "C", 60, 60, 36, 36, 270],
		[43, "J1_18", 905, 415, "T", "DIP", "J1_18", "", "C", 60, 60, 36, 36, 270],
		[44, "J1_18", 905, 415, "B", "DIP", "J1_18", "", "C", 60, 60, 36, 36, 270],
		[45, "J1_19", 805, 415, "T", "DIP", "J1_19", "", "C", 60, 60, 36, 36, 270],
		[46, "J1_19", 805, 415, "B", "DIP", "J1_19", "", "C", 60, 60, 36, 36, 270],
		[47, "J1_20", 705, 415, "T", "DIP", "J1_20", "", "C", 60, 60, 36, 36, 270],
		[48, "J1_20", 705, 415, "B", "DIP", "J1_20", "", "C", 60, 60, 36, 36, 270],
		[49, "J1_21", 605, 415, "T", "DIP", "J1_21", "", "C", 60, 60, 36, 36, 270],
		[50, "J1_21", 605, 415, "B", "DIP", "J1_21", "", "C", 60, 60, 36, 36, 270],
		[51, "J1_22", 505, 415, "T", "DIP", "J1_22", "", "C", 60, 60, 36, 36, 270],
		[52, "J1_22", 505, 415, "B", "DIP", "J1_22", "", "C", 60, 60, 36, 36, 270],
		[53, "J1_23", 405, 415, "T", "DIP", "J1_23", "", "C", 60, 60, 36, 36, 270],
		[54, "J1_23", 405, 415, "B", "DIP", "J1_23", "", "C", 60, 60, 36, 36, 270],
		[55, "J1_24", 305, 415, "T", "DIP", "J1_24", "", "C", 60, 60, 36, 36, 270],
		[56, "J1_24", 305, 415, "B", "DIP", "J1_24", "", "C", 60, 60, 36, 36, 270],
		[57, "J1_25", 205, 415, "T", "DIP", "J1_25", "", "C", 60, 60, 36, 36, 270],
		[58, "J1_25", 205, 415, "B", "DIP", "J1_25", "", "C", 60, 60, 36, 36, 270],
		[59, "J1_26", 105, 415, "T", "DIP", "J1_26", "", "C", 60, 60, 36, 36, 270],
		[60, "J1_26", 105, 415, "B", "DIP", "J1_26", "", "C", 60, 60, 36, 36, 270],
		[61, "J1_27", 5, 415, "T", "DIP", "J1_27", "", "C", 60, 60, 36, 36, 270],
		[62, "J1_27", 5, 415, "B", "DIP", "J1_27", "", "C", 60, 60, 36, 36, 270],
		[63, "J1_28", -95, 415, "T", "DIP", "J1_28", "", "C", 60, 60, 36, 36, 270],
		[64, "J1_28", -95, 415, "B", "DIP", "J1_28", "", "C", 60, 60, 36, 36, 270],
		[65, "J1_29", -195, 415, "T", "DIP", "GND", "GND", "C", 60, 60, 36, 36, 270],
		[66, "J1_29", -195, 415, "B", "DIP", "GND", "GND", "C", 60, 60, 36, 36, 270],
		[67, "J1_30", -295, 415, "T", "DIP", "+5V", "", "C", 60, 60, 36, 36, 270],
		[68, "J1_30", -295, 415, "B", "DIP", "+5V", "", "C", 60, 60, 36, 36, 270],
		[69, "SW1_1", -1120, 2315.04, "T", "DIP", "GND", "GND", "C", 106.299, 106.299, 72.834, 72.834, 270],
		[70, "SW1_1", -1120, 2315.04, "B", "DIP", "GND", "GND", "C", 106.299, 106.299, 72.834, 72.834, 270],
		[71, "SW1_2", -1120, 2130, "T", "DIP", "J1_25", "", "C", 106.299, 106.299, 72.834, 72.834, 270],
		[72, "SW1_2", -1120, 2130, "B", "DIP", "J1_25", "", "C", 106.299, 106.299, 72.834, 72.834, 270],
		[73, "SW1_3", -1120, 1944.96, "T", "DIP", "+5V", "", "C", 106.299, 106.299, 72.834, 72.834, 270],
		[74, "SW1_3", -1120, 1944.96, "B", "DIP", "+5V", "", "C", 106.299, 106.299, 72.834, 72.834, 270],
		[75, "SW2_1", 1730, 2320.04, "T", "DIP", "GND", "GND", "C", 106.299, 106.299, 72.834, 72.834, 270],
		[76, "SW2_1", 1730, 2320.04, "B", "DIP", "GND", "GND", "C", 106.299, 106.299, 72.834, 72.834, 270],
		[77, "SW2_2", 1730, 2135, "T", "DIP", "J1_26", "", "C", 106.299, 106.299, 72.834, 72.834, 270],
		[78, "SW2_2", 1730, 2135, "B", "DIP", "J1_26", "", "C", 106.299, 106.299, 72.834, 72.834, 270],
		[79, "SW2_3", 1730, 1949.96, "T", "DIP", "+5V", "", "C", 106.299, 106.299, 72.834, 72.834, 270],
		[80, "SW2_3", 1730, 1949.96, "B", "DIP", "+5V", "", "C", 106.299, 106.299, 72.834, 72.834, 270],
		[81, "U1_1", -1513.98, 347.48, "T", "DIP", "GND", "GND", "R", 62.992, 62.992, 39.37, 39.37, 0],
		[82, "U1_1", -1513.98, 347.48, "B", "DIP", "GND", "GND", "R", 62.992, 62.992, 39.37, 39.37, 0],
		[83, "U1_2", -1413.98, 347.48, "T", "DIP", "U1_2", "", "C", 62.992, 62.992, 39.37, 39.37, 0],
		[84, "U1_2", -1413.98, 347.48, "B", "DIP", "U1_2", "", "C", 62.992, 62.992, 39.37, 39.37, 0],
		[85, "U1_3", -1313.98, 347.48, "T", "DIP", "+5V", "", "C", 62.992, 62.992, 39.37, 39.37, 0],
		[86, "U1_3", -1313.98, 347.48, "B", "DIP", "+5V", "", "C", 62.992, 62.992, 39.37, 39.37, 0],
		[87, "U1_4", -1034.06, 628.98, "T", "DIP", "GND", "GND", "R", 62.992, 62.992, 39.37, 39.37, 0],
		[88, "U1_4", -1034.06, 628.98, "B", "DIP", "GND", "GND", "R", 62.992, 62.992, 39.37, 39.37, 0],
		[89, "U1_5", -1034.06, 727.4, "T", "DIP", "U1_5", "", "C", 62.992, 62.992, 39.37, 39.37, 0],
		[90, "U1_5", -1034.06, 727.4, "B", "DIP", "U1_5", "", "C", 62.992, 62.992, 39.37, 39.37, 0],
		[91, "U1_6", -1034.06, 825.83, "T", "DIP", "+5V", "", "C", 62.992, 62.992, 39.37, 39.37, 0],
		[92, "U1_6", -1034.06, 825.83, "B", "DIP", "+5V", "", "C", 62.992, 62.992, 39.37, 39.37, 0],
		[93, "U1_7", -1915.94, 855.35, "T", "DIP", "J1_19", "", "C", 62.992, 62.992, 39.37, 39.37, 0],
		[94, "U1_7", -1915.94, 855.35, "B", "DIP", "J1_19", "", "C", 62.992, 62.992, 39.37, 39.37, 0],
		[95, "U1_7", -1915.94, 599.45, "T", "DIP", "J1_19", "", "C", 62.992, 62.992, 39.37, 39.37, 0],
		[96, "U1_7", -1915.94, 599.45, "B", "DIP", "J1_19", "", "C", 62.992, 62.992, 39.37, 39.37, 0],
		[97, "U1_8", -1738.78, 855.35, "T", "DIP", "J1_20", "", "C", 62.992, 62.992, 39.37, 39.37, 0],
		[98, "U1_8", -1738.78, 855.35, "B", "DIP", "J1_20", "", "C", 62.992, 62.992, 39.37, 39.37, 0],
		[99, "U1_8", -1738.78, 599.45, "T", "DIP", "J1_20", "", "C", 62.992, 62.992, 39.37, 39.37, 0],
		[100, "U1_8", -1738.78, 599.45, "B", "DIP", "J1_20", "", "C", 62.992, 62.992, 39.37, 39.37, 0],
		[101, "U1_9", -1675.79, 1032.52, "T", "DIP", "GND", "GND", "C", 78.74, 78.74, 59.056, 59.056, 0],
		[102, "U1_9", -1675.79, 1032.52, "B", "DIP", "GND", "GND", "C", 78.74, 78.74, 59.056, 59.056, 0],
		[103, "U1_10", -1152.17, 1032.52, "T", "DIP", "GND", "GND", "C", 78.74, 78.74, 59.056, 59.056, 0],
		[104, "U1_10", -1152.17, 1032.52, "B", "DIP", "GND", "GND", "C", 78.74, 78.74, 59.056, 59.056, 0],
		[105, "U1_11", -1152.17, 422.28, "T", "DIP", "GND", "GND", "C", 78.74, 78.74, 59.056, 59.056, 0],
		[106, "U1_11", -1152.17, 422.28, "B", "DIP", "GND", "GND", "C", 78.74, 78.74, 59.056, 59.056, 0],
		[107, "U1_12", -1675.79, 422.28, "T", "DIP", "GND", "GND", "C", 78.74, 78.74, 59.056, 59.056, 0],
		[108, "U1_12", -1675.79, 422.28, "B", "DIP", "GND", "GND", "C", 78.74, 78.74, 59.056, 59.056, 0],
		[109, "U2_1", 170, 1145, "T", "DIP", "GND", "GND", "R", 66.929, 66.929, 43.308, 43.308, 90],
		[110, "U2_1", 170, 1145, "B", "DIP", "GND", "GND", "R", 66.929, 66.929, 43.308, 43.308, 90],
		[111, "U2_2", 170, 1245, "T", "DIP", "3.3V", "", "C", 66.929, 66.929, 43.308, 43.308, 90],
		[112, "U2_2", 170, 1245, "B", "DIP", "3.3V", "", "C", 66.929, 66.929, 43.308, 43.308, 90],
		[113, "U2_3", 270, 1145, "T", "DIP", "U2_3", "", "C", 66.929, 66.929, 43.308, 43.308, 90],
		[114, "U2_3", 270, 1145, "B", "DIP", "U2_3", "", "C", 66.929, 66.929, 43.308, 43.308, 90],
		[115, "U2_4", 270, 1245, "T", "DIP", "U2_4", "", "C", 66.929, 66.929, 43.308, 43.308, 90],
		[116, "U2_4", 270, 1245, "B", "DIP", "U2_4", "", "C", 66.929, 66.929, 43.308, 43.308, 90],
		[117, "U2_5", 370, 1145, "T", "DIP", "U2_5", "", "C", 66.929, 66.929, 43.308, 43.308, 90],
		[118, "U2_5", 370, 1145, "B", "DIP", "U2_5", "", "C", 66.929, 66.929, 43.308, 43.308, 90],
		[119, "U2_6", 370, 1245, "T", "DIP", "U2_6", "", "C", 66.929, 66.929, 43.308, 43.308, 90],
		[120, "U2_6", 370, 1245, "B", "DIP", "U2_6", "", "C", 66.929, 66.929, 43.308, 43.308, 90],
		[121, "U2_7", 470, 1145, "T", "DIP", "U2_7", "", "C", 66.929, 66.929, 43.308, 43.308, 90],
		[122, "U2_7", 470, 1145, "B", "DIP", "U2_7", "", "C", 66.929, 66.929, 43.308, 43.308, 90],
		[123, "U2_8", 470, 1245, "T", "DIP", "U2_8", "", "C", 66.929, 66.929, 43.308, 43.308, 90],
		[124, "U2_8", 470, 1245, "B", "DIP", "U2_8", "", "C", 66.929, 66.929, 43.308, 43.308, 90],
		[125, "U3_1", 2061.02, 312.48, "T", "DIP", "GND", "GND", "R", 62.992, 62.992, 39.37, 39.37, 0],
		[126, "U3_1", 2061.02, 312.48, "B", "DIP", "GND", "GND", "R", 62.992, 62.992, 39.37, 39.37, 0],
		[127, "U3_2", 2161.02, 312.48, "T", "DIP", "U3_2", "", "C", 62.992, 62.992, 39.37, 39.37, 0],
		[128, "U3_2", 2161.02, 312.48, "B", "DIP", "U3_2", "", "C", 62.992, 62.992, 39.37, 39.37, 0],
		[129, "U3_3", 2261.02, 312.48, "T", "DIP", "+5V", "", "C", 62.992, 62.992, 39.37, 39.37, 0],
		[130, "U3_3", 2261.02, 312.48, "B", "DIP", "+5V", "", "C", 62.992, 62.992, 39.37, 39.37, 0],
		[131, "U3_4", 2540.94, 593.98, "T", "DIP", "GND", "GND", "R", 62.992, 62.992, 39.37, 39.37, 0],
		[132, "U3_4", 2540.94, 593.98, "B", "DIP", "GND", "GND", "R", 62.992, 62.992, 39.37, 39.37, 0],
		[133, "U3_5", 2540.94, 692.4, "T", "DIP", "U3_5", "", "C", 62.992, 62.992, 39.37, 39.37, 0],
		[134, "U3_5", 2540.94, 692.4, "B", "DIP", "U3_5", "", "C", 62.992, 62.992, 39.37, 39.37, 0],
		[135, "U3_6", 2540.94, 790.83, "T", "DIP", "+5V", "", "C", 62.992, 62.992, 39.37, 39.37, 0],
		[136, "U3_6", 2540.94, 790.83, "B", "DIP", "+5V", "", "C", 62.992, 62.992, 39.37, 39.37, 0],
		[137, "U3_7", 1659.06, 820.35, "T", "DIP", "J1_21", "", "C", 62.992, 62.992, 39.37, 39.37, 0],
		[138, "U3_7", 1659.06, 820.35, "B", "DIP", "J1_21", "", "C", 62.992, 62.992, 39.37, 39.37, 0],
		[139, "U3_7", 1659.06, 564.45, "T", "DIP", "J1_21", "", "C", 62.992, 62.992, 39.37, 39.37, 0],
		[140, "U3_7", 1659.06, 564.45, "B", "DIP", "J1_21", "", "C", 62.992, 62.992, 39.37, 39.37, 0],
		[141, "U3_8", 1836.22, 820.35, "T", "DIP", "J1_22", "", "C", 62.992, 62.992, 39.37, 39.37, 0],
		[142, "U3_8", 1836.22, 820.35, "B", "DIP", "J1_22", "", "C", 62.992, 62.992, 39.37, 39.37, 0],
		[143, "U3_8", 1836.22, 564.45, "T", "DIP", "J1_22", "", "C", 62.992, 62.992, 39.37, 39.37, 0],
		[144, "U3_8", 1836.22, 564.45, "B", "DIP", "J1_22", "", "C", 62.992, 62.992, 39.37, 39.37, 0],
		[145, "U3_9", 1899.21, 997.52, "T", "DIP", "GND", "GND", "C", 78.74, 78.74, 59.056, 59.056, 0],
		[146, "U3_9", 1899.21, 997.52, "B", "DIP", "GND", "GND", "C", 78.74, 78.74, 59.056, 59.056, 0],
		[147, "U3_10", 2422.83, 997.52, "T", "DIP", "GND", "GND", "C", 78.74, 78.74, 59.056, 59.056, 0],
		[148, "U3_10", 2422.83, 997.52, "B", "DIP", "GND", "GND", "C", 78.74, 78.74, 59.056, 59.056, 0],
		[149, "U3_11", 2422.83, 387.28, "T", "DIP", "GND", "GND", "C", 78.74, 78.74, 59.056, 59.056, 0],
		[150, "U3_11", 2422.83, 387.28, "B", "DIP", "GND", "GND", "C", 78.74, 78.74, 59.056, 59.056, 0],
		[151, "U3_12", 1899.21, 387.28, "T", "DIP", "GND", "GND", "C", 78.74, 78.74, 59.056, 59.056, 0],
		[152, "U3_12", 1899.21, 387.28, "B", "DIP", "GND", "GND", "C", 78.74, 78.74, 59.056, 59.056, 0],
		[153, "PAD1_1", 2655, 2400, "T", "DIP", "GND", "GND", "C", 295.275, 295.275, 125.984, 125.984, 0],
		[154, "PAD1_1", 2655, 2400, "B", "DIP", "GND", "GND", "C", 295.275, 295.275, 125.984, 125.984, 0],
		[155, "PAD2_1", -2105, 2395, "T", "DIP", "GND", "GND", "C", 295.275, 295.275, 125.984, 125.984, 0],
		[156, "PAD2_1", -2105, 2395, "B", "DIP", "GND", "GND", "C", 295.275, 295.275, 125.984, 125.984, 0],
		[157, "PAD3_1", -2125, -25, "T", "DIP", "GND", "GND", "C", 295.275, 295.275, 125.984, 125.984, 0],
		[158, "PAD3_1", -2125, -25, "B", "DIP", "GND", "GND", "C", 295.275, 295.275, 125.984, 125.984, 0],
		[159, "PAD4_1", 2655, -30, "T", "DIP", "GND", "GND", "C", 295.275, 295.275, 125.984, 125.984, 0],
		[160, "PAD4_1", 2655, -30, "B", "DIP", "GND", "GND", "C", 295.275, 295.275, 125.984, 125.984, 0],
		[161, "PAD5_1", 1730.79, -130, "T", "DIP", "GND", "GND", "C", 41.339, 41.339, 27.56, 27.56, 0],
		[162, "PAD5_1", 1730.79, -130, "B", "DIP", "GND", "GND", "C", 41.339, 41.339, 27.56, 27.56, 0],
		[163, "PAD6_2", 1829.21, -130, "T", "DIP", "3.3V", "", "C", 41.339, 41.339, 27.56, 27.56, 180],
		[164, "PAD6_2", 1829.21, -130, "B", "DIP", "3.3V", "", "C", 41.339, 41.339, 27.56, 27.56, 180],
		[165, "PAD7_1", -295, -185, "T", "DIP", "J1_1", "", "C", 60, 60, 36, 36, 90],
		[166, "PAD7_1", -295, -185, "B", "DIP", "J1_1", "", "C", 60, 60, 36, 36, 90],
		[167, "PAD8_2", -195, -185, "T", "DIP", "J1_2", "", "C", 60, 60, 36, 36, 90],
		[168, "PAD8_2", -195, -185, "B", "DIP", "J1_2", "", "C", 60, 60, 36, 36, 90],
		[169, "PAD9_3", -95, -185, "T", "DIP", "J1_3", "", "C", 60, 60, 36, 36, 90],
		[170, "PAD9_3", -95, -185, "B", "DIP", "J1_3", "", "C", 60, 60, 36, 36, 90],
		[171, "PAD10_4", 5, -185, "T", "DIP", "J1_4", "", "C", 60, 60, 36, 36, 90],
		[172, "PAD10_4", 5, -185, "B", "DIP", "J1_4", "", "C", 60, 60, 36, 36, 90],
		[173, "PAD11_5", 105, -185, "T", "DIP", "J1_5", "", "C", 60, 60, 36, 36, 90],
		[174, "PAD11_5", 105, -185, "B", "DIP", "J1_5", "", "C", 60, 60, 36, 36, 90],
		[175, "PAD12_6", 205, -185, "T", "DIP", "J1_6", "", "C", 60, 60, 36, 36, 90],
		[176, "PAD12_6", 205, -185, "B", "DIP", "J1_6", "", "C", 60, 60, 36, 36, 90],
		[177, "PAD13_7", 305, -185, "T", "DIP", "J1_7", "", "C", 60, 60, 36, 36, 90],
		[178, "PAD13_7", 305, -185, "B", "DIP", "J1_7", "", "C", 60, 60, 36, 36, 90],
		[179, "PAD14_8", 405, -185, "T", "DIP", "J1_8", "", "C", 60, 60, 36, 36, 270],
		[180, "PAD14_8", 405, -185, "B", "DIP", "J1_8", "", "C", 60, 60, 36, 36, 270],
		[181, "PAD15_9", 505, -185, "T", "DIP", "J1_9", "", "C", 60, 60, 36, 36, 270],
		[182, "PAD15_9", 505, -185, "B", "DIP", "J1_9", "", "C", 60, 60, 36, 36, 270],
		[183, "PAD16_10", 605, -185, "T", "DIP", "J1_10", "", "C", 60, 60, 36, 36, 270],
		[184, "PAD16_10", 605, -185, "B", "DIP", "J1_10", "", "C", 60, 60, 36, 36, 270],
		[185, "PAD17_11", 705, -185, "T", "DIP", "J1_11", "", "C", 60, 60, 36, 36, 270],
		[186, "PAD17_11", 705, -185, "B", "DIP", "J1_11", "", "C", 60, 60, 36, 36, 270],
		[187, "PAD18_12", 805, -185, "T", "DIP", "U2_3", "", "C", 60, 60, 36, 36, 270],
		[188, "PAD18_12", 805, -185, "B", "DIP", "U2_3", "", "C", 60, 60, 36, 36, 270],
		[189, "PAD19_13", 905, -185, "T", "DIP", "U2_4", "", "C", 60, 60, 36, 36, 270],
		[190, "PAD19_13", 905, -185, "B", "DIP", "U2_4", "", "C", 60, 60, 36, 36, 270],
		[191, "PAD20_14", 1005, -185, "T", "DIP", "U2_6", "", "C", 60, 60, 36, 36, 270],
		[192, "PAD20_14", 1005, -185, "B", "DIP", "U2_6", "", "C", 60, 60, 36, 36, 270],
		[193, "PAD21_15", 1105, -185, "T", "DIP", "U2_7", "", "C", 60, 60, 36, 36, 270],
		[194, "PAD21_15", 1105, -185, "B", "DIP", "U2_7", "", "C", 60, 60, 36, 36, 270],
		[195, "PAD22_16", 1105, 415, "T", "DIP", "U2_5", "", "C", 60, 60, 36, 36, 270],
		[196, "PAD22_16", 1105, 415, "B", "DIP", "U2_5", "", "C", 60, 60, 36, 36, 270],
		[197, "PAD23_17", 1005, 415, "T", "DIP", "3.3V", "", "C", 60, 60, 36, 36, 270],
		[198, "PAD23_17", 1005, 415, "B", "DIP", "3.3V", "", "C", 60, 60, 36, 36, 270],
		[199, "PAD24_18", 905, 415, "T", "DIP", "J1_18", "", "C", 60, 60, 36, 36, 270],
		[200, "PAD24_18", 905, 415, "B", "DIP", "J1_18", "", "C", 60, 60, 36, 36, 270],
		[201, "PAD25_19", 805, 415, "T", "DIP", "J1_19", "", "C", 60, 60, 36, 36, 270],
		[202, "PAD25_19", 805, 415, "B", "DIP", "J1_19", "", "C", 60, 60, 36, 36, 270],
		[203, "PAD26_20", 705, 415, "T", "DIP", "J1_20", "", "C", 60, 60, 36, 36, 270],
		[204, "PAD26_20", 705, 415, "B", "DIP", "J1_20", "", "C", 60, 60, 36, 36, 270],
		[205, "PAD27_21", 605, 415, "T", "DIP", "J1_21", "", "C", 60, 60, 36, 36, 270],
		[206, "PAD27_21", 605, 415, "B", "DIP", "J1_21", "", "C", 60, 60, 36, 36, 270],
		[207, "PAD28_22", 505, 415, "T", "DIP", "J1_22", "", "C", 60, 60, 36, 36, 270],
		[208, "PAD28_22", 505, 415, "B", "DIP", "J1_22", "", "C", 60, 60, 36, 36, 270],
		[209, "PAD29_23", 405, 415, "T", "DIP", "J1_23", "", "C", 60, 60, 36, 36, 270],
		[210, "PAD29_23", 405, 415, "B", "DIP", "J1_23", "", "C", 60, 60, 36, 36, 270],
		[211, "PAD30_24", 305, 415, "T", "DIP", "J1_24", "", "C", 60, 60, 36, 36, 270],
		[212, "PAD30_24", 305, 415, "B", "DIP", "J1_24", "", "C", 60, 60, 36, 36, 270],
		[213, "PAD31_25", 205, 415, "T", "DIP", "J1_25", "", "C", 60, 60, 36, 36, 270],
		[214, "PAD31_25", 205, 415, "B", "DIP", "J1_25", "", "C", 60, 60, 36, 36, 270],
		[215, "PAD32_26", 105, 415, "T", "DIP", "J1_26", "", "C", 60, 60, 36, 36, 270],
		[216, "PAD32_26", 105, 415, "B", "DIP", "J1_26", "", "C", 60, 60, 36, 36, 270],
		[217, "PAD33_27", 5, 415, "T", "DIP", "J1_27", "", "C", 60, 60, 36, 36, 270],
		[218, "PAD33_27", 5, 415, "B", "DIP", "J1_27", "", "C", 60, 60, 36, 36, 270],
		[219, "PAD34_28", -95, 415, "T", "DIP", "J1_28", "", "C", 60, 60, 36, 36, 270],
		[220, "PAD34_28", -95, 415, "B", "DIP", "J1_28", "", "C", 60, 60, 36, 36, 270],
		[221, "PAD35_29", -195, 415, "T", "DIP", "GND", "GND", "C", 60, 60, 36, 36, 270],
		[222, "PAD35_29", -195, 415, "B", "DIP", "GND", "GND", "C", 60, 60, 36, 36, 270],
		[223, "PAD36_30", -295, 415, "T", "DIP", "+5V", "", "C", 60, 60, 36, 36, 270],
		[224, "PAD36_30", -295, 415, "B", "DIP", "+5V", "", "C", 60, 60, 36, 36, 270],
		[225, "PAD37_1", -1120, 2315.04, "T", "DIP", "GND", "GND", "C", 106.299, 106.299, 72.834, 72.834, 270],
		[226, "PAD37_1", -1120, 2315.04, "B", "DIP", "GND", "GND", "C", 106.299, 106.299, 72.834, 72.834, 270],
		[227, "PAD38_2", -1120, 2130, "T", "DIP", "J1_25", "", "C", 106.299, 106.299, 72.834, 72.834, 270],
		[228, "PAD38_2", -1120, 2130, "B", "DIP", "J1_25", "", "C", 106.299, 106.299, 72.834, 72.834, 270],
		[229, "PAD39_3", -1120, 1944.96, "T", "DIP", "+5V", "", "C", 106.299, 106.299, 72.834, 72.834, 270],
		[230, "PAD39_3", -1120, 1944.96, "B", "DIP", "+5V", "", "C", 106.299, 106.299, 72.834, 72.834, 270],
		[231, "PAD40_1", 1730, 2320.04, "T", "DIP", "GND", "GND", "C", 106.299, 106.299, 72.834, 72.834, 270],
		[232, "PAD40_1", 1730, 2320.04, "B", "DIP", "GND", "GND", "C", 106.299, 106.299, 72.834, 72.834, 270],
		[233, "PAD41_2", 1730, 2135, "T", "DIP", "J1_26", "", "C", 106.299, 106.299, 72.834, 72.834, 270],
		[234, "PAD41_2", 1730, 2135, "B", "DIP", "J1_26", "", "C", 106.299, 106.299, 72.834, 72.834, 270],
		[235, "PAD42_3", 1730, 1949.96, "T", "DIP", "+5V", "", "C", 106.299, 106.299, 72.834, 72.834, 270],
		[236, "PAD42_3", 1730, 1949.96, "B", "DIP", "+5V", "", "C", 106.299, 106.299, 72.834, 72.834, 270],
		[237, "PAD43_7", -1915.94, 855.35, "T", "DIP", "J1_19", "", "C", 62.992, 62.992, 39.37, 39.37, 0],
		[238, "PAD43_7", -1915.94, 855.35, "B", "DIP", "J1_19", "", "C", 62.992, 62.992, 39.37, 39.37, 0],
		[239, "PAD44_8", -1738.78, 855.35, "T", "DIP", "J1_20", "", "C", 62.992, 62.992, 39.37, 39.37, 0],
		[240, "PAD44_8", -1738.78, 855.35, "B", "DIP", "J1_20", "", "C", 62.992, 62.992, 39.37, 39.37, 0],
		[241, "PAD45_12", -1675.79, 422.28, "T", "DIP", "GND", "GND", "C", 78.74, 78.74, 59.056, 59.056, 0],
		[242, "PAD45_12", -1675.79, 422.28, "B", "DIP", "GND", "GND", "C", 78.74, 78.74, 59.056, 59.056, 0],
		[243, "PAD46_11", -1152.17, 422.28, "T", "DIP", "GND", "GND", "C", 78.74, 78.74, 59.056, 59.056, 0],
		[244, "PAD46_11", -1152.17, 422.28, "B", "DIP", "GND", "GND", "C", 78.74, 78.74, 59.056, 59.056, 0],
		[245, "PAD47_10", -1152.17, 1032.52, "T", "DIP", "GND", "GND", "C", 78.74, 78.74, 59.056, 59.056, 0],
		[246, "PAD47_10", -1152.17, 1032.52, "B", "DIP", "GND", "GND", "C", 78.74, 78.74, 59.056, 59.056, 0],
		[247, "PAD48_9", -1675.79, 1032.52, "T", "DIP", "GND", "GND", "C", 78.74, 78.74, 59.056, 59.056, 0],
		[248, "PAD48_9", -1675.79, 1032.52, "B", "DIP", "GND", "GND", "C", 78.74, 78.74, 59.056, 59.056, 0],
		[249, "PAD49_8", -1738.78, 599.45, "T", "DIP", "J1_20", "", "C", 62.992, 62.992, 39.37, 39.37, 0],
		[250, "PAD49_8", -1738.78, 599.45, "B", "DIP", "J1_20", "", "C", 62.992, 62.992, 39.37, 39.37, 0],
		[251, "PAD50_7", -1915.94, 599.45, "T", "DIP", "J1_19", "", "C", 62.992, 62.992, 39.37, 39.37, 0],
		[252, "PAD50_7", -1915.94, 599.45, "B", "DIP", "J1_19", "", "C", 62.992, 62.992, 39.37, 39.37, 0],
		[253, "PAD51_6", -1034.06, 825.83, "T", "DIP", "+5V", "", "C", 62.992, 62.992, 39.37, 39.37, 0],
		[254, "PAD51_6", -1034.06, 825.83, "B", "DIP", "+5V", "", "C", 62.992, 62.992, 39.37, 39.37, 0],
		[255, "PAD52_5", -1034.06, 727.4, "T", "DIP", "U1_5", "", "C", 62.992, 62.992, 39.37, 39.37, 0],
		[256, "PAD52_5", -1034.06, 727.4, "B", "DIP", "U1_5", "", "C", 62.992, 62.992, 39.37, 39.37, 0],
		[257, "PAD53_4", -1034.06, 628.98, "T", "DIP", "GND", "GND", "R", 62.992, 62.992, 39.37, 39.37, 0],
		[258, "PAD53_4", -1034.06, 628.98, "B", "DIP", "GND", "GND", "R", 62.992, 62.992, 39.37, 39.37, 0],
		[259, "PAD54_3", -1313.98, 347.48, "T", "DIP", "+5V", "", "C", 62.992, 62.992, 39.37, 39.37, 0],
		[260, "PAD54_3", -1313.98, 347.48, "B", "DIP", "+5V", "", "C", 62.992, 62.992, 39.37, 39.37, 0],
		[261, "PAD55_2", -1413.98, 347.48, "T", "DIP", "U1_2", "", "C", 62.992, 62.992, 39.37, 39.37, 0],
		[262, "PAD55_2", -1413.98, 347.48, "B", "DIP", "U1_2", "", "C", 62.992, 62.992, 39.37, 39.37, 0],
		[263, "PAD56_1", -1513.98, 347.48, "T", "DIP", "GND", "GND", "R", 62.992, 62.992, 39.37, 39.37, 0],
		[264, "PAD56_1", -1513.98, 347.48, "B", "DIP", "GND", "GND", "R", 62.992, 62.992, 39.37, 39.37, 0],
		[265, "PAD57_7", 1659.06, 820.35, "T", "DIP", "J1_21", "", "C", 62.992, 62.992, 39.37, 39.37, 0],
		[266, "PAD57_7", 1659.06, 820.35, "B", "DIP", "J1_21", "", "C", 62.992, 62.992, 39.37, 39.37, 0],
		[267, "PAD58_8", 1836.22, 820.35, "T", "DIP", "J1_22", "", "C", 62.992, 62.992, 39.37, 39.37, 0],
		[268, "PAD58_8", 1836.22, 820.35, "B", "DIP", "J1_22", "", "C", 62.992, 62.992, 39.37, 39.37, 0],
		[269, "PAD59_12", 1899.21, 387.28, "T", "DIP", "GND", "GND", "C", 78.74, 78.74, 59.056, 59.056, 0],
		[270, "PAD59_12", 1899.21, 387.28, "B", "DIP", "GND", "GND", "C", 78.74, 78.74, 59.056, 59.056, 0],
		[271, "PAD60_11", 2422.83, 387.28, "T", "DIP", "GND", "GND", "C", 78.74, 78.74, 59.056, 59.056, 0],
		[272, "PAD60_11", 2422.83, 387.28, "B", "DIP", "GND", "GND", "C", 78.74, 78.74, 59.056, 59.056, 0],
		[273, "PAD61_10", 2422.83, 997.52, "T", "DIP", "GND", "GND", "C", 78.74, 78.74, 59.056, 59.056, 0],
		[274, "PAD61_10", 2422.83, 997.52, "B", "DIP", "GND", "GND", "C", 78.74, 78.74, 59.056, 59.056, 0],
		[275, "PAD62_9", 1899.21, 997.52, "T", "DIP", "GND", "GND", "C", 78.74, 78.74, 59.056, 59.056, 0],
		[276, "PAD62_9", 1899.21, 997.52, "B", "DIP", "GND", "GND", "C", 78.74, 78.74, 59.056, 59.056, 0],
		[277, "PAD63_8", 1836.22, 564.45, "T", "DIP", "J1_22", "", "C", 62.992, 62.992, 39.37, 39.37, 0],
		[278, "PAD63_8", 1836.22, 564.45, "B", "DIP", "J1_22", "", "C", 62.992, 62.992, 39.37, 39.37, 0],
		[279, "PAD64_7", 1659.06, 564.45, "T", "DIP", "J1_21", "", "C", 62.992, 62.992, 39.37, 39.37, 0],
		[280, "PAD64_7", 1659.06, 564.45, "B", "DIP", "J1_21", "", "C", 62.992, 62.992, 39.37, 39.37, 0],
		[281, "PAD65_6", 2540.94, 790.83, "T", "DIP", "+5V", "", "C", 62.992, 62.992, 39.37, 39.37, 0],
		[282, "PAD65_6", 2540.94, 790.83, "B", "DIP", "+5V", "", "C", 62.992, 62.992, 39.37, 39.37, 0],
		[283, "PAD66_5", 2540.94, 692.4, "T", "DIP", "U3_5", "", "C", 62.992, 62.992, 39.37, 39.37, 0],
		[284, "PAD66_5", 2540.94, 692.4, "B", "DIP", "U3_5", "", "C", 62.992, 62.992, 39.37, 39.37, 0],
		[285, "PAD67_4", 2540.94, 593.98, "T", "DIP", "GND", "GND", "R", 62.992, 62.992, 39.37, 39.37, 0],
		[286, "PAD67_4", 2540.94, 593.98, "B", "DIP", "GND", "GND", "R", 62.992, 62.992, 39.37, 39.37, 0],
		[287, "PAD68_3", 2261.02, 312.48, "T", "DIP", "+5V", "", "C", 62.992, 62.992, 39.37, 39.37, 0],
		[288, "PAD68_3", 2261.02, 312.48, "B", "DIP", "+5V", "", "C", 62.992, 62.992, 39.37, 39.37, 0],
		[289, "PAD69_2", 2161.02, 312.48, "T", "DIP", "U3_2", "", "C", 62.992, 62.992, 39.37, 39.37, 0],
		[290, "PAD69_2", 2161.02, 312.48, "B", "DIP", "U3_2", "", "C", 62.992, 62.992, 39.37, 39.37, 0],
		[291, "PAD70_1", 2061.02, 312.48, "T", "DIP", "GND", "GND", "R", 62.992, 62.992, 39.37, 39.37, 0],
		[292, "PAD70_1", 2061.02, 312.48, "B", "DIP", "GND", "GND", "R", 62.992, 62.992, 39.37, 39.37, 0],
		[293, "PAD71_1", 170, 1145, "T", "DIP", "GND", "GND", "R", 66.929, 66.929, 43.308, 43.308, 90],
		[294, "PAD71_1", 170, 1145, "B", "DIP", "GND", "GND", "R", 66.929, 66.929, 43.308, 43.308, 90],
		[295, "PAD72_2", 170, 1245, "T", "DIP", "3.3V", "", "C", 66.929, 66.929, 43.308, 43.308, 90],
		[296, "PAD72_2", 170, 1245, "B", "DIP", "3.3V", "", "C", 66.929, 66.929, 43.308, 43.308, 90],
		[297, "PAD73_3", 270, 1145, "T", "DIP", "U2_3", "", "C", 66.929, 66.929, 43.308, 43.308, 90],
		[298, "PAD73_3", 270, 1145, "B", "DIP", "U2_3", "", "C", 66.929, 66.929, 43.308, 43.308, 90],
		[299, "PAD74_4", 270, 1245, "T", "DIP", "U2_4", "", "C", 66.929, 66.929, 43.308, 43.308, 90],
		[300, "PAD74_4", 270, 1245, "B", "DIP", "U2_4", "", "C", 66.929, 66.929, 43.308, 43.308, 90],
		[301, "PAD75_5", 370, 1145, "T", "DIP", "U2_5", "", "C", 66.929, 66.929, 43.308, 43.308, 90],
		[302, "PAD75_5", 370, 1145, "B", "DIP", "U2_5", "", "C", 66.929, 66.929, 43.308, 43.308, 90],
		[303, "PAD76_6", 370, 1245, "T", "DIP", "U2_6", "", "C", 66.929, 66.929, 43.308, 43.308, 90],
		[304, "PAD76_6", 370, 1245, "B", "DIP", "U2_6", "", "C", 66.929, 66.929, 43.308, 43.308, 90],
		[305, "PAD77_7", 470, 1145, "T", "DIP", "U2_7", "", "C", 66.929, 66.929, 43.308, 43.308, 90],
		[306, "PAD77_7", 470, 1145, "B", "DIP", "U2_7", "", "C", 66.929, 66.929, 43.308, 43.308, 90],
		[307, "PAD78_8", 470, 1245, "T", "DIP", "U2_8", "", "C", 66.929, 66.929, 43.308, 43.308, 90],
		[308, "PAD78_8", 470, 1245, "B", "DIP", "U2_8", "", "C", 66.929, 66.929, 43.308, 43.308, 90],
		[309, "PAD79_1", 2190, -155, "T", "DIP", "+5V", "", "R", 62, 62, 35, 35, 90],
		[310, "PAD79_1", 2190, -155, "B", "DIP", "+5V", "", "R", 62, 62, 35, 35, 90],
		[311, "PAD80_2", 2090, -155, "T", "DIP", "GND", "GND", "C", 62, 62, 35, 35, 90],
		[312, "PAD80_2", 2090, -155, "B", "DIP", "GND", "GND", "C", 62, 62, 35, 35, 90]
	]
}
}